Symbol,Name,Sector,Sub_Industry,Headquarters Location,Date_Added,CIK,Founded,mw-redirect href
MMM,3M,Industrials,Industrial Conglomerates,"Saint Paul, Minnesota",1957-03-04,66740,1902,
AOS,A. O. Smith,Industrials,Building Products,,2017-07-26,91142,1916,"https://en.wikipedia.org/wiki/Milwaukee,_Wisconsin"
ABT,Abbott,Health Care,Health Care Equipment,"North Chicago, Illinois",1957-03-04,1800,1888,
ABBV,AbbVie,Health Care,Biotechnology,"North Chicago, Illinois",2012-12-31,1551152,2013 (1888),
ACN,Accenture,Information Technology,IT Consulting & Other Services,,2011-07-06,1467373,1989,"https://en.wikipedia.org/wiki/Dublin,_Ireland"
ADBE,Adobe Inc.,Information Technology,Application Software,"San Jose, California",1997-05-05,796343,1982,
AMD,Advanced Micro Devices,Information Technology,Semiconductors,"Santa Clara, California",2017-03-20,2488,1969,
AES,AES Corporation,Utilities,Independent Power Producers & Energy Traders,,1998-10-02,874761,1981,"https://en.wikipedia.org/wiki/Arlington,_Virginia"
AFL,Aflac,Financials,Life & Health Insurance,"Columbus, Georgia",1999-05-28,4977,1955,
A,Agilent Technologies,Health Care,Life Sciences Tools & Services,"Santa Clara, California",2000-06-05,1090872,1999,
APD,"Allentown, Pennsylvania",Materials,Industrial Gases,,1985-04-30,2969,1940,https://en.wikipedia.org/wiki/Air_Products_and_Chemicals
ABNB,Airbnb,Consumer Discretionary,"Hotels, Resorts & Cruise Lines",,2023-09-18,1559720,2008,"https://en.wikipedia.org/wiki/San_Francisco,_California"
AKAM,"Cambridge, Massachusetts",Information Technology,Internet Services & Infrastructure,,2007-07-12,1086222,1998,https://en.wikipedia.org/wiki/Akamai
ALB,Albemarle Corporation,Materials,Specialty Chemicals,"Charlotte, North Carolina",2016-07-01,915913,1994,
ARE,Alexandria Real Estate Equities,Real Estate,Office REITs,"Pasadena, California",2017-03-20,1035443,1994,
ALGN,Align Technology,Health Care,Health Care Supplies,"Tempe, Arizona",2017-06-19,1097149,1997,
ALLE,Allegion,Industrials,Building Products,,2013-12-02,1579241,1908,"https://en.wikipedia.org/wiki/Dublin,_Ireland"
LNT,Alliant Energy,Utilities,Electric Utilities,"Madison, Wisconsin",2016-07-01,352541,1917,
ALL,Allstate,Financials,Property & Casualty Insurance,"Northbrook, Illinois",1995-07-13,899051,1931,
GOOGL,Alphabet Inc.,Communication Services,Interactive Media & Services,"Mountain View, California",2014-04-03,1652044,1998,
GOOG,Alphabet Inc.,Communication Services,Interactive Media & Services,"Mountain View, California",2006-04-03,1652044,1998,
MO,Altria,Consumer Staples,Tobacco,"Richmond, Virginia",1957-03-04,764180,1985,
AMZN,Amazon,Consumer Discretionary,Broadline Retail,,2005-11-18,1018724,1994,"https://en.wikipedia.org/wiki/Seattle,_Washington"
AMCR,Amcor,Materials,Paper & Plastic Packaging Products & Materials,Warmley,2019-06-07,1748790,2019 (1860),
AEE,Ameren,Utilities,Multi-Utilities,,1991-09-19,1002910,1902,"https://en.wikipedia.org/wiki/St._Louis,_Missouri"
AAL,American Airlines Group,Industrials,Passenger Airlines,"Fort Worth, Texas",2015-03-23,6201,1934,
AEP,American Electric Power,Utilities,Electric Utilities,"Columbus, Ohio",1957-03-04,4904,1906,
AXP,American Express,Financials,Consumer Finance,,1976-06-30,4962,1850,"https://en.wikipedia.org/wiki/New_York_City,_New_York"
AIG,American International Group,Financials,Multi-line Insurance,,1980-03-31,5272,1919,"https://en.wikipedia.org/wiki/New_York_City,_New_York"
AMT,American Tower,Real Estate,Telecom Tower REITs,,2007-11-19,1053507,1995,"https://en.wikipedia.org/wiki/Boston,_Massachusetts"
AWK,American Water Works,Utilities,Water Utilities,"Camden, New Jersey",2016-03-04,1410636,1886,
AMP,Ameriprise Financial,Financials,Asset Management & Custody Banks,,2005-10-03,820027,1894,"https://en.wikipedia.org/wiki/Minneapolis,_Minnesota"
AME,Ametek,Industrials,Electrical Components & Equipment,"Berwyn, Pennsylvania",2013-09-23,1037868,1930,
AMGN,Amgen,Health Care,Biotechnology,"Thousand Oaks, California",1992-01-02,318154,1980,
APH,Amphenol,Information Technology,Electronic Components,"Wallingford, Connecticut",2008-09-30,820313,1932,
ADI,Analog Devices,Information Technology,Semiconductors,"Wilmington, Massachusetts",1999-10-12,6281,1965,
ANSS,Ansys,Information Technology,Application Software,"Canonsburg, Pennsylvania",2017-06-19,1013462,1969,
AON,Aon,Financials,Insurance Brokers,,1996-04-23,315293,1982 (1919),"https://en.wikipedia.org/wiki/London,_UK"
APA,APA Corporation,Energy,Oil & Gas Exploration & Production,,1997-07-28,1841666,1954,"https://en.wikipedia.org/wiki/Houston,_Texas"
AAPL,Apple Inc.,Information Technology,"Technology Hardware, Storage & Peripherals","Cupertino, California",1982-11-30,320193,1977,
AMAT,Applied Materials,Information Technology,Semiconductor Materials & Equipment,"Santa Clara, California",1995-03-16,6951,1967,
APTV,Aptiv,Consumer Discretionary,Automotive Parts & Equipment,,2012-12-24,1521332,1994,"https://en.wikipedia.org/wiki/Dublin,_Ireland"
ACGL,Arch Capital Group,Financials,Property & Casualty Insurance,"Hamilton, Bermuda",2022-11-01,947484,1995,
ADM,Archer-Daniels-Midland,Consumer Staples,Agricultural Products & Services,,1957-03-04,7084,1902,"https://en.wikipedia.org/wiki/Chicago,_Illinois"
ANET,Arista Networks,Information Technology,Communications Equipment,"Santa Clara, California",2018-08-28,1596532,2004,
AJG,Arthur J. Gallagher & Co.,Financials,Insurance Brokers,"Rolling Meadows, Illinois",2016-05-31,354190,1927,
AIZ,Assurant,Financials,Multi-line Insurance,,2007-04-10,1267238,1892,"https://en.wikipedia.org/wiki/Atlanta,_Georgia"
T,AT&T,Communication Services,Integrated Telecommunication Services,,1983-11-30,732717,1983 (1885),"https://en.wikipedia.org/wiki/Dallas,_Texas"
ATO,Atmos Energy,Utilities,Gas Utilities,,2019-02-15,731802,1906,"https://en.wikipedia.org/wiki/Dallas,_Texas"
ADSK,Autodesk,Information Technology,Application Software,,1989-12-01,769397,1982,"https://en.wikipedia.org/wiki/San_Francisco,_California"
ADP,Automatic Data Processing,Industrials,Human Resource & Employment Services,"Roseland, New Jersey",1981-03-31,8670,1949,
AZO,AutoZone,Consumer Discretionary,Automotive Retail,"Memphis, Tennessee",1997-01-02,866787,1979,
AVB,AvalonBay Communities,Real Estate,Multi-Family Residential REITs,,2007-01-10,915912,1978,"https://en.wikipedia.org/wiki/Arlington,_Virginia"
AVY,Avery Dennison,Materials,Paper & Plastic Packaging Products & Materials,"Mentor, Ohio",1987-12-31,8818,1990,
AXON,Axon Enterprise,Industrials,Aerospace & Defense,"Scottsdale, Arizona",2023-05-04,1069183,1993,
BKR,Baker Hughes,Energy,Oil & Gas Equipment & Services,,2017-07-07,1701605,2017,"https://en.wikipedia.org/wiki/Houston,_Texas"
BALL,Ball Corporation,Materials,"Metal, Glass & Plastic Containers","Broomfield, Colorado",1984-10-31,9389,1880,
BAC,Bank of America,Financials,Diversified Banks,"Charlotte, North Carolina",1976-06-30,70858,1998 (1923 / 1874),
BK,Bank of New York Mellon,Financials,Asset Management & Custody Banks,,1995-03-31,1390777,1784,"https://en.wikipedia.org/wiki/New_York_City,_New_York"
BBWI,"Bath & Body Works, Inc.",Consumer Discretionary,Other Specialty Retail,"Columbus, Ohio",1983-09-30,701985,1963,
BAX,Baxter International,Health Care,Health Care Equipment,"Deerfield, Illinois",1972-09-30,10456,1931,
BDX,Becton Dickinson,Health Care,Health Care Equipment,"Franklin Lakes, New Jersey",1972-09-30,10795,1897,
BRK-B,Berkshire Hathaway,Financials,Multi-Sector Holdings,"Omaha, Nebraska",2010-02-16,1067983,1839,
BBY,Best Buy,Consumer Discretionary,Computer & Electronics Retail,"Richfield, Minnesota",1999-06-29,764478,1966,
BIO,"Hercules, California",Health Care,Life Sciences Tools & Services,,2020-06-22,12208,1952,https://en.wikipedia.org/wiki/Bio-Rad
TECH,Bio-Techne,Health Care,Life Sciences Tools & Services,,2021-08-30,842023,1976,"https://en.wikipedia.org/wiki/Minneapolis,_Minnesota"
BIIB,Biogen,Health Care,Biotechnology,"Cambridge, Massachusetts",2003-11-13,875045,1978,
BLK,BlackRock,Financials,Asset Management & Custody Banks,,2011-04-04,1364742,1988,"https://en.wikipedia.org/wiki/New_York_City,_New_York"
BX,Blackstone,Financials,Asset Management & Custody Banks,,2023-09-18,1393818,1985,"https://en.wikipedia.org/wiki/New_York_City,_New_York"
BA,Boeing,Industrials,Aerospace & Defense,,1957-03-04,12927,1916,"https://en.wikipedia.org/wiki/Arlington,_Virginia"
BKNG,Booking Holdings,Consumer Discretionary,"Hotels, Resorts & Cruise Lines","Norwalk, Connecticut",2009-11-06,1075531,1996,
BWA,BorgWarner,Consumer Discretionary,Automotive Parts & Equipment,"Auburn Hills, Michigan",2011-12-19,908255,1880,
BXP,Boston Properties,Real Estate,Office REITs,,2006-04-03,1037540,1970,"https://en.wikipedia.org/wiki/Boston,_Massachusetts"
BSX,Boston Scientific,Health Care,Health Care Equipment,"Marlborough, Massachusetts",1995-02-24,885725,1979,
BMY,Bristol Myers Squibb,Health Care,Pharmaceuticals,,1957-03-04,14272,1989 (1887),"https://en.wikipedia.org/wiki/New_York_City,_New_York"
AVGO,"Palo Alto, California",Information Technology,Semiconductors,,2014-05-08,1730168,1961,https://en.wikipedia.org/wiki/Broadcom_Inc.
BR,Broadridge Financial Solutions,Industrials,Data Processing & Outsourced Services,"Lake Success, New York",2018-06-18,1383312,1962,
BRO,Brown & Brown,Financials,Insurance Brokers,"Daytona Beach, Florida",2021-09-20,79282,1939,
BF-B,Brown–Forman,Consumer Staples,Distillers & Vintners,"Louisville, Kentucky",1982-10-31,14693,1870,
BLDR,Builders FirstSource,Industrials,Building Products,"Irving, Texas",2023-12-18,1316835,1998,
BG,"Chesterfield, Missouri",Consumer Staples,Agricultural Products & Services,,2023-03-15,1996862,1818,https://en.wikipedia.org/wiki/Bunge_Limited
CDNS,Cadence Design Systems,Information Technology,Application Software,"San Jose, California",2017-09-18,813672,1988,
CZR,"Reno, Nevada",Consumer Discretionary,Casinos & Gaming,,2021-03-22,1590895,1973,https://en.wikipedia.org/wiki/Caesars_Entertainment_(2020)
CPT,Camden Property Trust,Real Estate,Multi-Family Residential REITs,,2022-04-04,906345,1981,"https://en.wikipedia.org/wiki/Houston,_Texas"
CPB,Campbell Soup Company,Consumer Staples,Packaged Foods & Meats,"Camden, New Jersey",1957-03-04,16732,1869,
COF,Capital One,Financials,Consumer Finance,,1998-07-01,927628,1994,"https://en.wikipedia.org/wiki/Tysons_Corner,_Virginia"
CAH,Cardinal Health,Health Care,Health Care Distributors,"Dublin, Ohio",1997-05-27,721371,1971,
KMX,CarMax,Consumer Discretionary,Automotive Retail,"Richmond, Virginia",2010-06-28,1170010,1993,
CCL,Carnival,Consumer Discretionary,"Hotels, Resorts & Cruise Lines",,1998-12-22,815097,1972,"https://en.wikipedia.org/wiki/Miami,_Florida"
CARR,Carrier Global,Industrials,Building Products,"Palm Beach Gardens, Florida",2020-04-03,1783180,"2020 (1915,  spinoff)",
CTLT,Catalent,Health Care,Pharmaceuticals,"Somerset, New Jersey",2020-09-21,1596783,2007,
CAT,Caterpillar Inc.,Industrials,Construction Machinery & Heavy Transportation Equipment,"Irving, Texas",1957-03-04,18230,1925,
CBOE,Cboe Global Markets,Financials,Financial Exchanges & Data,,2017-03-01,1374310,1973,"https://en.wikipedia.org/wiki/Chicago,_Illinois"
CBRE,CBRE Group,Real Estate,Real Estate Services,,2006-11-10,1138118,1906,"https://en.wikipedia.org/wiki/Dallas,_Texas"
CDW,CDW,Information Technology,Technology Distributors,"Vernon Hills, Illinois",2019-09-23,1402057,1984,
CE,Celanese,Materials,Specialty Chemicals,"Irving, Texas",2018-12-24,1306830,1918,
COR,Cencora,Health Care,Health Care Distributors,"Conshohocken, Pennsylvania",2001-08-30,1140859,1985,
CNC,Centene Corporation,Health Care,Managed Health Care,,2016-03-30,1071739,1984,"https://en.wikipedia.org/wiki/St._Louis,_Missouri"
CNP,CenterPoint Energy,Utilities,Multi-Utilities,,1985-07-31,1130310,1882,"https://en.wikipedia.org/wiki/Houston,_Texas"
CF,CF Industries,Materials,Fertilizers & Agricultural Chemicals,"Deerfield, Illinois",2008-08-27,1324404,1946,
CHRW,"Eden Prairie, Minnesota",Industrials,Air Freight & Logistics,,2007-03-02,1043277,1905,https://en.wikipedia.org/wiki/CH_Robinson
CRL,Charles River Laboratories,Health Care,Life Sciences Tools & Services,"Wilmington, Massachusetts",2021-05-14,1100682,1947,
SCHW,Charles Schwab Corporation,Financials,Investment Banking & Brokerage,"Westlake, Texas",1997-06-02,316709,1971,
CHTR,Charter Communications,Communication Services,Cable & Satellite,"Stamford, Connecticut",2016-09-08,1091667,1993,
CVX,Chevron Corporation,Energy,Integrated Oil & Gas,"San Ramon, California",1957-03-04,93410,1879,
CMG,Chipotle Mexican Grill,Consumer Discretionary,Restaurants,"Newport Beach, California",2011-04-28,1058090,1993,
CB,Chubb Limited,Financials,Property & Casualty Insurance,,2010-07-15,896159,1985,"https://en.wikipedia.org/wiki/Zurich,_Switzerland"
CHD,Church & Dwight,Consumer Staples,Household Products,,2015-12-29,313927,1847,"https://en.wikipedia.org/wiki/Ewing,_New_Jersey"
CI,Cigna,Health Care,Health Care Services,"Bloomfield, Connecticut",1976-06-30,1739940,1982,
CINF,Cincinnati Financial,Financials,Property & Casualty Insurance,"Fairfield, Ohio",1997-12-18,20286,1950,
CTAS,Cintas,Industrials,Diversified Support Services,"Mason, Ohio",2001-03-01,723254,1929,
CSCO,Cisco,Information Technology,Communications Equipment,"San Jose, California",1993-12-01,858877,1984,
C,Citigroup,Financials,Diversified Banks,,1988-05-31,831001,1998,"https://en.wikipedia.org/wiki/New_York_City,_New_York"
CFG,Citizens Financial Group,Financials,Regional Banks,"Providence, Rhode Island",2016-01-29,759944,1828,
CLX,Clorox,Consumer Staples,Household Products,"Oakland, California",1969-03-31,21076,1913,
CME,CME Group,Financials,Financial Exchanges & Data,,2006-08-11,1156375,1848,"https://en.wikipedia.org/wiki/Chicago,_Illinois"
CMS,CMS Energy,Utilities,Multi-Utilities,"Jackson, Michigan",1957-03-04,811156,1886,
KO,Coca-Cola Company (The),Consumer Staples,Soft Drinks & Non-alcoholic Beverages,,1957-03-04,21344,1886,"https://en.wikipedia.org/wiki/Atlanta,_Georgia"
CTSH,Cognizant,Information Technology,IT Consulting & Other Services,"Teaneck, New Jersey",2006-11-17,1058290,1994,
CL,Colgate-Palmolive,Consumer Staples,Household Products,,1957-03-04,21665,1806,"https://en.wikipedia.org/wiki/New_York_City,_New_York"
CMCSA,Comcast,Communication Services,Cable & Satellite,,2002-11-19,1166691,1963,"https://en.wikipedia.org/wiki/Philadelphia,_Pennsylvania"
CMA,Comerica,Financials,Diversified Banks,,1995-12-01,28412,1849,"https://en.wikipedia.org/wiki/Dallas,_Texas"
CAG,Conagra Brands,Consumer Staples,Packaged Foods & Meats,,1983-08-31,23217,1919,"https://en.wikipedia.org/wiki/Chicago,_Illinois"
COP,ConocoPhillips,Energy,Oil & Gas Exploration & Production,,1957-03-04,1163165,2002,"https://en.wikipedia.org/wiki/Houston,_Texas"
ED,Consolidated Edison,Utilities,Multi-Utilities,,1957-03-04,1047862,1823,"https://en.wikipedia.org/wiki/New_York_City,_New_York"
STZ,Constellation Brands,Consumer Staples,Distillers & Vintners,"Victor, New York",2005-07-01,16918,1945,
CEG,Constellation Energy,Utilities,Electric Utilities,,2022-02-02,1868275,1999,"https://en.wikipedia.org/wiki/Baltimore,_Maryland"
COO,"San Ramon, California",Health Care,Health Care Supplies,,2016-09-23,711404,1958,https://en.wikipedia.org/wiki/CooperCompanies
CPRT,Copart,Industrials,Diversified Support Services,,2018-07-02,900075,1982,"https://en.wikipedia.org/wiki/Dallas,_Texas"
GLW,Corning Inc.,Information Technology,Electronic Components,,1995-02-27,24741,1851,"https://en.wikipedia.org/wiki/Corning_(city),_New_York"
CPAY,Corpay,Financials,Transaction & Payment Processing Services,,2018-06-20,1175454,2000,"https://en.wikipedia.org/wiki/Atlanta,_Georgia"
CTVA,Corteva,Materials,Fertilizers & Agricultural Chemicals,,2019-06-03,1755672,2019,"https://en.wikipedia.org/wiki/Indianapolis,_Indiana"
CSGP,CoStar Group,Real Estate,Real Estate Services,"Washington, D.C.",2022-09-19,1057352,1987,
COST,Costco,Consumer Staples,Consumer Staples Merchandise Retail,"Issaquah, Washington",1993-10-01,909832,1976,
CTRA,Coterra,Energy,Oil & Gas Exploration & Production,,2008-06-23,858470,2021 (1989),"https://en.wikipedia.org/wiki/Houston,_Texas"
CCI,Crown Castle,Real Estate,Telecom Tower REITs,,2012-03-14,1051470,1994,"https://en.wikipedia.org/wiki/Houston,_Texas"
CSX,CSX,Industrials,Rail Transportation,"Jacksonville, Florida",1957-03-04,277948,1980,
CMI,Cummins,Industrials,Construction Machinery & Heavy Transportation Equipment,"Columbus, Indiana",1965-03-31,26172,1919,
CVS,CVS Health,Health Care,Health Care Services,"Woonsocket, Rhode Island",1957-03-04,64803,1996,
DHR,Danaher Corporation,Health Care,Life Sciences Tools & Services,"Washington, D.C.",1998-11-18,313616,1969,
DRI,Darden Restaurants,Consumer Discretionary,Restaurants,"Orlando, Florida",1995-05-31,940944,1938,
DVA,,Health Care,Health Care Services,,2008-07-31,927066,1979,https://en.wikipedia.org/wiki/DaVita_Inc.
DAY,Dayforce,Industrials,Human Resource & Employment Services,,2021-09-20,1725057,1992,"https://en.wikipedia.org/wiki/Minneapolis,_Minnesota"
DECK,Deckers Brands,Consumer Discretionary,Footwear,"Goleta, California",2024-03-18,910521,1973,
DE,John Deere,Industrials,Agricultural & Farm Machinery,"Moline, Illinois",1957-03-04,315189,1837,
DAL,Delta Air Lines,Industrials,Passenger Airlines,,2013-09-11,27904,1929,"https://en.wikipedia.org/wiki/Atlanta,_Georgia"
DVN,Devon Energy,Energy,Oil & Gas Exploration & Production,,2000-08-30,1090012,1971,"https://en.wikipedia.org/wiki/Oklahoma_City,_Oklahoma"
DXCM,Dexcom,Health Care,Health Care Equipment,,2020-05-12,1093557,1999,"https://en.wikipedia.org/wiki/San_Diego,_California"
FANG,Diamondback Energy,Energy,Oil & Gas Exploration & Production,"Midland, Texas",2018-12-03,1539838,2007,
DLR,Digital Realty,Real Estate,Data Center REITs,"Austin, Texas",2016-05-18,1297996,2004,
DFS,Discover Financial,Financials,Consumer Finance,"Riverwoods, Illinois",2007-07-02,1393612,1985,
DG,Dollar General,Consumer Staples,Consumer Staples Merchandise Retail,"Goodlettsville, Tennessee",2012-12-03,29534,1939,
DLTR,Dollar Tree,Consumer Staples,Consumer Staples Merchandise Retail,"Chesapeake, Virginia",2011-12-19,935703,1986,
D,Dominion Energy,Utilities,Multi-Utilities,"Richmond, Virginia",2016-11-30,715957,1983,
DPZ,Domino's,Consumer Discretionary,Restaurants,"Ann Arbor, Michigan",2020-05-12,1286681,1960,
DOV,Dover Corporation,Industrials,Industrial Machinery & Supplies & Components,"Downers Grove, Illinois",1985-10-31,29905,1955,
DOW,"Midland, Michigan",Materials,Commodity Chemicals,,2019-04-01,1751788,2019 (1897),https://en.wikipedia.org/wiki/Dow_Inc.
DHI,"Arlington, Texas",Consumer Discretionary,Homebuilding,,2005-06-22,882184,1978,https://en.wikipedia.org/wiki/DR_Horton
DTE,DTE Energy,Utilities,Multi-Utilities,,1957-03-04,936340,1995,"https://en.wikipedia.org/wiki/Detroit,_Michigan"
DUK,Duke Energy,Utilities,Electric Utilities,"Charlotte, North Carolina",1976-06-30,1326160,1904,
DD,DuPont,Materials,Specialty Chemicals,"Wilmington, Delaware",2019-04-02,1666700,2017 (1802),
EMN,Eastman Chemical Company,Materials,Specialty Chemicals,"Kingsport, Tennessee",1994-01-01,915389,1920,
ETN,Eaton Corporation,Industrials,Electrical Components & Equipment,,1957-03-04,1551182,1911,"https://en.wikipedia.org/wiki/Dublin,_Ireland"
EBAY,eBay,Consumer Discretionary,Broadline Retail,"San Jose, California",2002-07-22,1065088,1995,
ECL,Ecolab,Materials,Specialty Chemicals,"Saint Paul, Minnesota",1989-01-31,31462,1923,
EIX,Edison International,Utilities,Electric Utilities,"Rosemead, California",1957-03-04,827052,1886,
EW,Edwards Lifesciences,Health Care,Health Care Equipment,"Irvine, California",2011-04-01,1099800,1958,
EA,Electronic Arts,Communication Services,Interactive Home Entertainment,"Redwood City, California",2002-07-22,712515,1982,
ELV,Elevance Health,Health Care,Managed Health Care,,2002-07-25,1156039,2014 (1946),"https://en.wikipedia.org/wiki/Indianapolis,_Indiana"
LLY,Eli Lilly and Company,Health Care,Pharmaceuticals,,1970-12-31,59478,1876,"https://en.wikipedia.org/wiki/Indianapolis,_Indiana"
EMR,Emerson Electric,Industrials,Electrical Components & Equipment,"Ferguson, Missouri",1965-03-31,32604,1890,
ENPH,"Fremont, California",Information Technology,Semiconductor Materials & Equipment,,2021-01-07,1463101,2006,https://en.wikipedia.org/wiki/Enphase
ETR,Entergy,Utilities,Electric Utilities,,1957-03-04,65984,1913,"https://en.wikipedia.org/wiki/New_Orleans,_Louisiana"
EOG,EOG Resources,Energy,Oil & Gas Exploration & Production,,2000-11-02,821189,1999,"https://en.wikipedia.org/wiki/Houston,_Texas"
EPAM,EPAM Systems,Information Technology,IT Consulting & Other Services,"Newtown, Pennsylvania",2021-12-14,1352010,1993,
EQT,EQT Corporation,Energy,Oil & Gas Exploration & Production,,2022-10-03,33213,1888,"https://en.wikipedia.org/wiki/Pittsburgh,_Pennsylvania"
EFX,Equifax,Industrials,Research & Consulting Services,,1997-06-19,33185,1899,"https://en.wikipedia.org/wiki/Atlanta,_Georgia"
EQIX,Equinix,Real Estate,Data Center REITs,"Redwood City, California",2015-03-20,1101239,1998,
EQR,Equity Residential,Real Estate,Multi-Family Residential REITs,,2001-12-03,906107,1969,"https://en.wikipedia.org/wiki/Chicago,_Illinois"
ESS,Essex Property Trust,Real Estate,Multi-Family Residential REITs,"San Mateo, California",2014-04-02,920522,1971,
EL,Estée Lauder Companies (The),Consumer Staples,Personal Care Products,,2006-01-05,1001250,1946,"https://en.wikipedia.org/wiki/New_York_City,_New_York"
ETSY,Etsy,Consumer Discretionary,Broadline Retail,,2020-09-21,1370637,2005,"https://en.wikipedia.org/wiki/New_York_City,_New_York"
EG,"Hamilton, Bermuda",Financials,Reinsurance,,2017-06-19,1095073,1973,https://en.wikipedia.org/wiki/Everest_Re
EVRG,Evergy,Utilities,Electric Utilities,"Kansas City, Missouri",2018-06-05,1711269,1909,
ES,"Hartford, Connecticut",Utilities,Electric Utilities,,2009-07-24,72741,1966,https://en.wikipedia.org/wiki/Eversource
EXC,Exelon,Utilities,Electric Utilities,,1957-03-04,1109357,2000,"https://en.wikipedia.org/wiki/Chicago,_Illinois"
EXPE,Expedia Group,Consumer Discretionary,"Hotels, Resorts & Cruise Lines",,2007-10-02,1324424,1996,"https://en.wikipedia.org/wiki/Seattle,_Washington"
EXPD,Expeditors International,Industrials,Air Freight & Logistics,,2007-10-10,746515,1979,"https://en.wikipedia.org/wiki/Seattle,_Washington"
EXR,Extra Space Storage,Real Estate,Self-Storage REITs,,2016-01-19,1289490,1977,"https://en.wikipedia.org/wiki/Salt_Lake_City,_Utah"
XOM,ExxonMobil,Energy,Integrated Oil & Gas,"Irving, Texas",1957-03-04,34088,1999,
FFIV,"F5, Inc.",Information Technology,Communications Equipment,,2010-12-20,1048695,1996,"https://en.wikipedia.org/wiki/Seattle,_Washington"
FDS,FactSet,Financials,Financial Exchanges & Data,"Norwalk, Connecticut",2021-12-20,1013237,1978,
FICO,Fair Isaac,Information Technology,Application Software,"Bozeman, Montana",2023-03-20,814547,1956,
FAST,Fastenal,Industrials,Trading Companies & Distributors,"Winona, Minnesota",2008-09-15,815556,1967,
FRT,"Rockville, Maryland",Real Estate,Retail REITs,,2016-02-01,34903,1962,https://en.wikipedia.org/wiki/Federal_Realty
FDX,FedEx,Industrials,Air Freight & Logistics,"Memphis, Tennessee",1980-12-31,1048911,1971,
FIS,Fidelity National Information Services,Financials,Transaction & Payment Processing Services,"Jacksonville, Florida",2006-11-10,1136893,1968,
FITB,Fifth Third Bank,Financials,Diversified Banks,,1996-03-29,35527,1858,"https://en.wikipedia.org/wiki/Cincinnati,_Ohio"
FSLR,First Solar,Information Technology,Semiconductors,"Tempe, Arizona",2022-12-19,1274494,1999,
FE,FirstEnergy,Utilities,Electric Utilities,"Akron, Ohio",1997-11-28,1031296,1997,
FI,Fiserv,Financials,Transaction & Payment Processing Services,"Brookfield, Wisconsin",2001-04-02,798354,1984,
FMC,FMC Corporation,Materials,Fertilizers & Agricultural Chemicals,,2009-08-19,37785,1883,"https://en.wikipedia.org/wiki/Philadelphia,_Pennsylvania"
F,Ford Motor Company,Consumer Discretionary,Automobile Manufacturers,"Dearborn, Michigan",1957-03-04,37996,1903,
FTNT,Fortinet,Information Technology,Systems Software,"Sunnyvale, California",2018-10-11,1262039,2000,
FTV,Fortive,Industrials,Industrial Machinery & Supplies & Components,"Everett, Washington",2016-07-01,1659166,2016,
FOXA,Fox Corporation,Communication Services,Broadcasting,,2019-03-04,1754301,2019,"https://en.wikipedia.org/wiki/New_York_City,_New_York"
FOX,Fox Corporation,Communication Services,Broadcasting,,2019-03-04,1754301,2019,"https://en.wikipedia.org/wiki/New_York_City,_New_York"
BEN,"San Mateo, California",Financials,Asset Management & Custody Banks,,1998-04-30,38777,1947,https://en.wikipedia.org/wiki/Franklin_Templeton
FCX,Freeport-McMoRan,Materials,Copper,"Phoenix, Arizona",2011-07-01,831259,1912,
GRMN,Garmin,Consumer Discretionary,Consumer Electronics,,2012-12-12,1121788,1989,"https://en.wikipedia.org/wiki/Schaffhausen,_Switzerland"
IT,Gartner,Information Technology,IT Consulting & Other Services,"Stamford, Connecticut",2017-04-05,749251,1979,
GE,GE Aerospace,Industrials,Aerospace & Defense,"Evendale, Ohio",1957-03-04,40545,1892,
GEHC,GE HealthCare,Health Care,Health Care Equipment,,2023-01-04,1932393,1994,"https://en.wikipedia.org/wiki/Chicago,_Illinois"
GEV,GE Vernova,Industrials,Heavy Electrical Equipment,"Cambridge, Massachusetts",2024-04-02,1996810,2024,
GEN,Gen Digital,Information Technology,Systems Software,"Tempe, Arizona",2003-03-25,849399,1982,
GNRC,Generac,Industrials,Electrical Components & Equipment,"Waukesha, Wisconsin",2021-03-22,1474735,1959,
GD,General Dynamics,Industrials,Aerospace & Defense,"Falls Church, Virginia",1957-03-04,40533,1899,
GIS,General Mills,Consumer Staples,Packaged Foods & Meats,"Golden Valley, Minnesota",1957-03-04,40704,1856,
GM,General Motors,Consumer Discretionary,Automobile Manufacturers,,2013-06-06,1467858,1908,"https://en.wikipedia.org/wiki/Detroit,_Michigan"
GPC,Genuine Parts Company,Consumer Discretionary,Distributors,,1973-12-31,40987,1925,"https://en.wikipedia.org/wiki/Atlanta,_Georgia"
GILD,Gilead Sciences,Health Care,Biotechnology,"Foster City, California",2004-07-01,882095,1987,
GPN,Global Payments,Financials,Transaction & Payment Processing Services,,2016-04-25,1123360,2000,"https://en.wikipedia.org/wiki/Atlanta,_Georgia"
GL,Globe Life,Financials,Life & Health Insurance,"McKinney, Texas",1989-04-30,320335,1900,
GS,Goldman Sachs,Financials,Investment Banking & Brokerage,,2002-07-22,886982,1869,"https://en.wikipedia.org/wiki/New_York_City,_New_York"
HAL,Halliburton,Energy,Oil & Gas Equipment & Services,,1957-03-04,45012,1919,"https://en.wikipedia.org/wiki/Houston,_Texas"
HIG,Hartford (The),Financials,Property & Casualty Insurance,"Hartford, Connecticut",1957-03-04,874766,1810,
HAS,Hasbro,Consumer Discretionary,Leisure Products,"Pawtucket, Rhode Island",1984-09-30,46080,1923,
HCA,HCA Healthcare,Health Care,Health Care Facilities,"Nashville, Tennessee",2015-01-27,860730,1968,
DOC,Healthpeak,Real Estate,Health Care REITs,,2008-03-31,765880,1985,"https://en.wikipedia.org/wiki/Denver,_Colorado"
HSIC,Henry Schein,Health Care,Health Care Distributors,"Melville, New York",2015-03-17,1000228,1932,
HSY,Hershey's,Consumer Staples,Packaged Foods & Meats,"Hershey, Pennsylvania",1957-03-04,47111,1894,
HES,Hess Corporation,Energy,Integrated Oil & Gas,,1984-05-31,4447,1919,"https://en.wikipedia.org/wiki/New_York_City,_New_York"
HPE,Hewlett Packard Enterprise,Information Technology,"Technology Hardware, Storage & Peripherals",,2015-11-02,1645590,2015,"https://en.wikipedia.org/wiki/Houston,_Texas"
HLT,Hilton Worldwide,Consumer Discretionary,"Hotels, Resorts & Cruise Lines",,2017-06-19,1585689,1919,"https://en.wikipedia.org/wiki/Tysons_Corner,_Virginia"
HOLX,Hologic,Health Care,Health Care Equipment,"Marlborough, Massachusetts",2016-03-30,859737,1985,
HD,,Consumer Discretionary,Home Improvement Retail,,1988-03-31,354950,1978,https://en.wikipedia.org/wiki/The_Home_Depot
HON,Honeywell,Industrials,Industrial Conglomerates,"Charlotte, North Carolina",1957-03-04,773840,1906,
HRL,Hormel Foods,Consumer Staples,Packaged Foods & Meats,"Austin, Minnesota",2009-03-04,48465,1891,
HST,Host Hotels & Resorts,Real Estate,Hotel & Resort REITs,"Bethesda, Maryland",2007-03-20,1070750,1993,
HWM,Howmet Aerospace,Industrials,Aerospace & Defense,,2016-10-21,4281,1888,"https://en.wikipedia.org/wiki/Pittsburgh,_Pennsylvania"
HPQ,HP Inc.,Information Technology,"Technology Hardware, Storage & Peripherals","Palo Alto, California",1974-12-31,47217,1939 (2015),
HUBB,Hubbell Incorporated,Industrials,Industrial Machinery & Supplies & Components,"Shelton, Connecticut",2023-10-18,48898,1888,
HUM,Humana,Health Care,Managed Health Care,"Louisville, Kentucky",2012-12-10,49071,1961,
HBAN,Huntington Bancshares,Financials,Regional Banks,"Columbus, Ohio",1997-08-28,49196,1866,"https://en.wikipedia.org/wiki/Detroit,_Michigan"
HII,Huntington Ingalls Industries,Industrials,Aerospace & Defense,"Newport News, Virginia",2018-01-03,1501585,2011,
IBM,IBM,Information Technology,IT Consulting & Other Services,"Armonk, New York",1957-03-04,51143,1911,
IEX,IDEX Corporation,Industrials,Industrial Machinery & Supplies & Components,"Lake Forest, Illinois",2019-08-09,832101,1988,
IDXX,Idexx Laboratories,Health Care,Health Care Equipment,"Westbrook, Maine",2017-01-05,874716,1983,
ITW,Illinois Tool Works,Industrials,Industrial Machinery & Supplies & Components,,1986-02-28,49826,1912,"https://en.wikipedia.org/wiki/Glenview,_Cook_County,_Illinois"
ILMN,Illumina,Health Care,Life Sciences Tools & Services,,2015-11-19,1110803,1998,"https://en.wikipedia.org/wiki/San_Diego,_California"
INCY,Incyte,Health Care,Biotechnology,"Wilmington, Delaware",2017-02-28,879169,1991,
IR,Ingersoll Rand,Industrials,Industrial Machinery & Supplies & Components,"Davidson, North Carolina",2020-03-03,1699150,1859,
PODD,"Acton, Massachusetts",Health Care,Health Care Equipment,,2023-03-15,1145197,2000,
INTC,Intel,Information Technology,Semiconductors,"Santa Clara, California",1976-12-31,50863,1968,
ICE,Intercontinental Exchange,Financials,Financial Exchanges & Data,,2007-09-26,1571949,2000,"https://en.wikipedia.org/wiki/Atlanta,_Georgia"
IFF,International Flavors & Fragrances,Materials,Specialty Chemicals,,1976-03-31,51253,1958 (1889),"https://en.wikipedia.org/wiki/New_York_City,_New_York"
IP,International Paper,Materials,Paper & Plastic Packaging Products & Materials,"Memphis, Tennessee",1957-03-04,51434,1898,
IPG,Interpublic Group of Companies (The),Communication Services,Advertising,,1992-10-01,51644,1961 (1930),"https://en.wikipedia.org/wiki/New_York_City,_New_York"
INTU,Intuit,Information Technology,Application Software,"Mountain View, California",2000-12-05,896878,1983,
ISRG,Intuitive Surgical,Health Care,Health Care Equipment,"Sunnyvale, California",2008-06-02,1035267,1995,
IVZ,Invesco,Financials,Asset Management & Custody Banks,,2008-08-21,914208,1935,"https://en.wikipedia.org/wiki/Atlanta,_Georgia"
INVH,Invitation Homes,Real Estate,Single-Family Residential REITs,,2022-09-19,1687229,2012,"https://en.wikipedia.org/wiki/Dallas,_Texas"
IQV,IQVIA,Health Care,Life Sciences Tools & Services,"Durham, North Carolina",2017-08-29,1478242,1982,
IRM,Iron Mountain,Real Estate,Other Specialized REITs,,2009-01-06,1020569,1951,"https://en.wikipedia.org/wiki/Boston,_Massachusetts"
JBHT,"Lowell, Arkansas",Industrials,Cargo Ground Transportation,,2015-07-01,728535,1961,https://en.wikipedia.org/wiki/J.B._Hunt
JBL,Jabil,Information Technology,Electronic Manufacturing Services,"St. Petersburg, Florida",2023-12-18,898293,1966,
JKHY,Jack Henry & Associates,Financials,Transaction & Payment Processing Services,"Monett, Missouri",2018-11-13,779152,1976,
J,Jacobs Solutions,Industrials,Construction & Engineering,,2007-10-26,52988,1947,"https://en.wikipedia.org/wiki/Dallas,_Texas"
JNJ,Johnson & Johnson,Health Care,Pharmaceuticals,"New Brunswick, New Jersey",1973-06-30,200406,1886,
JCI,Johnson Controls,Industrials,Building Products,"Cork, Ireland",2010-08-27,833444,1885,
JPM,JPMorgan Chase,Financials,Diversified Banks,,1975-06-30,19617,2000 (1799 / 1871),"https://en.wikipedia.org/wiki/New_York_City,_New_York"
JNPR,Juniper Networks,Information Technology,Communications Equipment,"Sunnyvale, California",2006-06-02,1043604,1996,
K,,Consumer Staples,Packaged Foods & Meats,,1989-09-11,55067,1906,https://en.wikipedia.org/wiki/Kellanova
KVUE,Kenvue,Consumer Staples,Personal Care Products,"Skillman, New Jersey",2023-08-25,1944048,2022 ( spinoff),
KDP,Keurig Dr Pepper,Consumer Staples,Soft Drinks & Non-alcoholic Beverages,"Burlington, Massachusetts",2022-06-21,1418135,1981,
KEY,KeyCorp,Financials,Regional Banks,,1994-03-01,91576,1825,"https://en.wikipedia.org/wiki/Cleveland,_Ohio"
KEYS,Keysight,Information Technology,Electronic Equipment & Instruments,"Santa Rosa, California",2018-11-06,1601046,2014 (1939),
KMB,Kimberly-Clark,Consumer Staples,Household Products,"Irving, Texas",1957-03-04,55785,1872,
KIM,Kimco Realty,Real Estate,Retail REITs,"New Hyde Park, New York",2006-04-04,879101,1958,
KMI,Kinder Morgan,Energy,Oil & Gas Storage & Transportation,,2012-05-25,1506307,1997,"https://en.wikipedia.org/wiki/Houston,_Texas"
KLAC,KLA Corporation,Information Technology,Semiconductor Materials & Equipment,"Milpitas, California",1997-09-30,319201,1975/1977 (1997),
KHC,Kraft Heinz,Consumer Staples,Packaged Foods & Meats,,2015-07-06,1637459,2015 (1869),"https://en.wikipedia.org/wiki/Chicago,_Illinois"
KR,Kroger,Consumer Staples,Food Retail,,1957-03-04,56873,1883,"https://en.wikipedia.org/wiki/Cincinnati,_Ohio"
LHX,L3Harris,Industrials,Aerospace & Defense,"Melbourne, Florida",2008-09-22,202058,"2019 ( 1997,  1895)",
LH,"Burlington, North Carolina",Health Care,Health Care Services,,2004-11-01,920148,1978,https://en.wikipedia.org/wiki/LabCorp
LRCX,Lam Research,Information Technology,Semiconductor Materials & Equipment,"Fremont, California",2012-06-29,707549,1980,
LW,Lamb Weston,Consumer Staples,Packaged Foods & Meats,"Eagle, Idaho",2018-12-03,1679273,2016 (1950),
LVS,Las Vegas Sands,Consumer Discretionary,Casinos & Gaming,,2019-10-03,1300514,1988,"https://en.wikipedia.org/wiki/Las_Vegas,_Nevada"
LDOS,Leidos,Industrials,Diversified Support Services,"Reston, Virginia",2019-08-09,1336920,1969,
LEN,Lennar,Consumer Discretionary,Homebuilding,,2005-10-04,920760,1954,"https://en.wikipedia.org/wiki/Miami,_Florida"
LIN,Linde plc,Materials,Industrial Gases,"Guildford, United Kingdom",1992-07-01,1707925,1879,
LYV,Live Nation Entertainment,Communication Services,Movies & Entertainment,"Beverly Hills, California",2019-12-23,1335258,2010,
LKQ,LKQ Corporation,Consumer Discretionary,Distributors,,2016-05-23,1065696,1998,"https://en.wikipedia.org/wiki/Chicago,_Illinois"
LMT,Lockheed Martin,Industrials,Aerospace & Defense,"Bethesda, Maryland",1957-03-04,936468,1995,
L,Loews Corporation,Financials,Multi-line Insurance,,1995-05-31,60086,1959,"https://en.wikipedia.org/wiki/New_York_City,_New_York"
LOW,Lowe's,Consumer Discretionary,Home Improvement Retail,"Mooresville, North Carolina",1984-02-29,60667,1904/1946/1959,
LULU,Lululemon Athletica,Consumer Discretionary,"Apparel, Accessories & Luxury Goods",,2023-10-18,1397187,1998,"https://en.wikipedia.org/wiki/Vancouver,_Canada"
LYB,LyondellBasell,Materials,Specialty Chemicals,,2012-09-05,1489393,2007,"https://en.wikipedia.org/wiki/Rotterdam,_Netherlands"
MTB,M&T Bank,Financials,Regional Banks,"Buffalo, New York",2004-02-23,36270,1856,
MRO,Marathon Oil,Energy,Oil & Gas Exploration & Production,,1957-03-04,101778,1887,"https://en.wikipedia.org/wiki/Houston,_Texas"
MPC,Marathon Petroleum,Energy,Oil & Gas Refining & Marketing,"Findlay, Ohio",2011-07-01,1510295,2009 (1887),
MKTX,MarketAxess,Financials,Financial Exchanges & Data,,2019-07-01,1278021,2000,"https://en.wikipedia.org/wiki/New_York_City,_New_York"
MAR,Marriott International,Consumer Discretionary,"Hotels, Resorts & Cruise Lines","Bethesda, Maryland",1998-05-29,1048286,1927,
MMC,Marsh McLennan,Financials,Insurance Brokers,,1987-08-31,62709,1905,"https://en.wikipedia.org/wiki/New_York_City,_New_York"
MLM,Martin Marietta Materials,Materials,Construction Materials,"Raleigh, North Carolina",2014-07-02,916076,1993,
MAS,Masco,Industrials,Building Products,"Livonia, Michigan",1981-06-30,62996,1929,
MA,Mastercard,Financials,Transaction & Payment Processing Services,"Harrison, New York",2008-07-18,1141391,1966,
MTCH,Match Group,Communication Services,Interactive Media & Services,,2021-09-20,891103,1986,"https://en.wikipedia.org/wiki/Dallas,_Texas"
MKC,McCormick & Company,Consumer Staples,Packaged Foods & Meats,"Hunt Valley, Maryland",2003-03-20,63754,1889,
MCD,McDonald's,Consumer Discretionary,Restaurants,,1970-06-30,63908,1940,"https://en.wikipedia.org/wiki/Chicago,_Illinois"
MCK,McKesson Corporation,Health Care,Health Care Distributors,"Irving, Texas",1999-01-13,927653,1833,
MDT,Medtronic,Health Care,Health Care Equipment,,1986-10-31,1613103,1949,"https://en.wikipedia.org/wiki/Dublin,_Ireland"
MRK,Merck & Co.,Health Care,Pharmaceuticals,"Kenilworth, New Jersey",1957-03-04,310158,1891,
META,Meta Platforms,Communication Services,Interactive Media & Services,"Menlo Park, California",2013-12-23,1326801,2004,
MET,MetLife,Financials,Life & Health Insurance,,2000-12-11,1099219,1868,"https://en.wikipedia.org/wiki/New_York_City,_New_York"
MTD,Mettler Toledo,Health Care,Life Sciences Tools & Services,"Columbus, Ohio",2016-09-06,1037646,1945,
MGM,"Paradise, Nevada",Consumer Discretionary,Casinos & Gaming,,2017-07-26,789570,1986,https://en.wikipedia.org/wiki/MGM_Resorts
MCHP,Microchip Technology,Information Technology,Semiconductors,"Chandler, Arizona",2007-09-07,827054,1989,
MU,Micron Technology,Information Technology,Semiconductors,"Boise, Idaho",1994-09-27,723125,1978,
MSFT,Microsoft,Information Technology,Systems Software,"Redmond, Washington",1994-06-01,789019,1975,
MAA,Mid-America Apartment Communities,Real Estate,Multi-Family Residential REITs,"Memphis, Tennessee",2016-12-02,912595,1977,
MRNA,Moderna,Health Care,Biotechnology,"Cambridge, Massachusetts",2021-07-21,1682852,2010,
MHK,Mohawk Industries,Consumer Discretionary,Home Furnishings,"Calhoun, Georgia",2013-12-23,851968,1878,
MOH,Molina Healthcare,Health Care,Managed Health Care,"Long Beach, California",2022-03-02,1179929,1980,
TAP,,Consumer Staples,Brewers,,1976-06-30,24545,"2005 (Molson 1786, Coors 1873)",https://en.wikipedia.org/wiki/Molson_Coors_Beverage_Company
MDLZ,Mondelez International,Consumer Staples,Packaged Foods & Meats,,2012-10-02,1103982,2012,"https://en.wikipedia.org/wiki/Chicago,_Illinois"
MPWR,Monolithic Power Systems,Information Technology,Semiconductors,"Kirkland, Washington",2021-02-12,1280452,1997,
MNST,Monster Beverage,Consumer Staples,Soft Drinks & Non-alcoholic Beverages,"Corona, California",2012-06-28,865752,2012 (1935),
MCO,Moody's Corporation,Financials,Financial Exchanges & Data,,1998-07-01,1059556,1909,"https://en.wikipedia.org/wiki/New_York_City,_New_York"
MS,Morgan Stanley,Financials,Investment Banking & Brokerage,,1993-07-29,895421,1935,"https://en.wikipedia.org/wiki/New_York_City,_New_York"
MOS,Mosaic Company (The),Materials,Fertilizers & Agricultural Chemicals,"Tampa, Florida",2011-09-26,1285785,2004 (1865 / 1909),
MSI,Motorola Solutions,Information Technology,Communications Equipment,,1957-03-04,68505,1928 (2011),"https://en.wikipedia.org/wiki/Chicago,_Illinois"
MSCI,MSCI,Financials,Financial Exchanges & Data,,2018-04-04,1408198,1969,"https://en.wikipedia.org/wiki/New_York_City,_New_York"
NDAQ,"Nasdaq, Inc.",Financials,Financial Exchanges & Data,,2008-10-22,1120193,1971,"https://en.wikipedia.org/wiki/New_York_City,_New_York"
NTAP,NetApp,Information Technology,"Technology Hardware, Storage & Peripherals","San Jose, California",1999-06-25,1002047,1992,
NFLX,Netflix,Communication Services,Movies & Entertainment,"Los Gatos, California",2010-12-20,1065280,1997,
NEM,Newmont,Materials,Gold,,1969-06-30,1164727,1921,"https://en.wikipedia.org/wiki/Denver,_Colorado"
NWSA,News Corp,Communication Services,Publishing,News Corporation,2013-08-01,1564708,2013 ( 1980),"https://en.wikipedia.org/wiki/New_York_City,_New_York"
NWS,News Corp,Communication Services,Publishing,News Corporation,2015-09-18,1564708,2013 ( 1980),"https://en.wikipedia.org/wiki/New_York_City,_New_York"
NEE,NextEra Energy,Utilities,Multi-Utilities,"Juno Beach, Florida",1976-06-30,753308,1984 (1925),
NKE,"Nike, Inc.",Consumer Discretionary,"Apparel, Accessories & Luxury Goods","Washington County, Oregon",1988-11-30,320187,1964,
NI,NiSource,Utilities,Multi-Utilities,"Merrillville, Indiana",2000-11-02,1111711,1912,
NDSN,Nordson Corporation,Industrials,Industrial Machinery & Supplies & Components,"Westlake, Ohio",2022-02-15,72331,1935,
NSC,Norfolk Southern Railway,Industrials,Rail Transportation,,1957-03-04,702165,1881/1894 (1980),"https://en.wikipedia.org/wiki/Atlanta,_Georgia"
NTRS,Northern Trust,Financials,Asset Management & Custody Banks,,1998-01-30,73124,1889,"https://en.wikipedia.org/wiki/Chicago,_Illinois"
NOC,Northrop Grumman,Industrials,Aerospace & Defense,"West Falls Church, Virginia",1957-03-04,1133421,"1994 (Northrop 1939, Grumman 1930)",
NCLH,Norwegian Cruise Line Holdings,Consumer Discretionary,"Hotels, Resorts & Cruise Lines",,2017-10-13,1513761,2011 (1966),"https://en.wikipedia.org/wiki/Miami,_Florida"
NRG,NRG Energy,Utilities,Independent Power Producers & Energy Traders,,2010-01-29,1013871,1992,"https://en.wikipedia.org/wiki/Houston,_Texas"
NUE,Nucor,Materials,Steel,"Charlotte, North Carolina",1985-04-30,73309,1940,
NVDA,Nvidia,Information Technology,Semiconductors,"Santa Clara, California",2001-11-30,1045810,1993,
NVR,"NVR, Inc.",Consumer Discretionary,Homebuilding,"Reston, Virginia",2019-09-26,906163,1980,
NXPI,NXP Semiconductors,Information Technology,Semiconductors,,2021-03-22,1413447,1953,"https://en.wikipedia.org/wiki/Eindhoven,_Netherlands"
ORLY,O'Reilly Auto Parts,Consumer Discretionary,Automotive Retail,"Springfield, Missouri",2009-03-27,898173,1957,
OXY,Occidental Petroleum,Energy,Oil & Gas Exploration & Production,,1957-03-04,797468,1920,"https://en.wikipedia.org/wiki/Houston,_Texas"
ODFL,Old Dominion,Industrials,Cargo Ground Transportation,"Thomasville, North Carolina",2019-12-09,878927,1934,
OMC,Omnicom Group,Communication Services,Advertising,,1997-12-31,29989,1986,"https://en.wikipedia.org/wiki/New_York_City,_New_York"
ON,"Phoenix, Arizona",Information Technology,Semiconductors,,2022-06-21,1097864,1999,https://en.wikipedia.org/wiki/ON_Semiconductor
OKE,ONEOK,Energy,Oil & Gas Storage & Transportation,"Tulsa, Oklahoma",2010-03-15,1039684,1906,
ORCL,Oracle Corporation,Information Technology,Application Software,"Austin, Texas",1989-08-31,1341439,1977,
OTIS,Otis Worldwide,Industrials,Industrial Machinery & Supplies & Components,"Farmington, Connecticut",2020-04-03,1781335,"2020 (1853,  spinoff)",
PCAR,Paccar,Industrials,Construction Machinery & Heavy Transportation Equipment,"Bellevue, Washington",1980-12-31,75362,1905,
PKG,Packaging Corporation of America,Materials,Paper & Plastic Packaging Products & Materials,"Lake Forest, Illinois",2017-07-26,75677,1959,
PANW,Palo Alto Networks,Information Technology,Systems Software,"Santa Clara, California",2023-06-20,1327567,2005,
PARA,Paramount Global,Communication Services,Movies & Entertainment,Paramount Pictures,1994-09-30,813828,2019 ( 1912),"https://en.wikipedia.org/wiki/New_York_City,_New_York"
PH,Parker Hannifin,Industrials,Industrial Machinery & Supplies & Components,,1985-11-30,76334,1917,"https://en.wikipedia.org/wiki/Cleveland,_Ohio"
PAYX,Paychex,Industrials,Human Resource & Employment Services,"Penfield, New York",1998-10-01,723531,1971,
PAYC,Paycom,Industrials,Human Resource & Employment Services,,2020-01-28,1590955,1998,"https://en.wikipedia.org/wiki/Oklahoma_City,_Oklahoma"
PYPL,PayPal,Financials,Transaction & Payment Processing Services,"San Jose, California",2015-07-20,1633917,1998,
PNR,Pentair,Industrials,Industrial Machinery & Supplies & Components,"Worsley, United Kingdom",2012-10-01,77360,1966,
PEP,PepsiCo,Consumer Staples,Soft Drinks & Non-alcoholic Beverages,"Purchase, New York",1957-03-04,77476,1898,
PFE,Pfizer,Health Care,Pharmaceuticals,,1957-03-04,78003,1849,"https://en.wikipedia.org/wiki/New_York_City,_New_York"
PCG,,Utilities,Multi-Utilities,,2022-10-03,1004980,1905,https://en.wikipedia.org/wiki/PG%26E
PM,Philip Morris International,Consumer Staples,Tobacco,,2008-03-31,1413329,2008 (1847),"https://en.wikipedia.org/wiki/New_York_City,_New_York"
PSX,Phillips 66,Energy,Oil & Gas Refining & Marketing,,2012-05-01,1534701,2012 (1917),"https://en.wikipedia.org/wiki/Houston,_Texas"
PNW,"Phoenix, Arizona",Utilities,Multi-Utilities,,1999-10-04,764622,1985,https://en.wikipedia.org/wiki/Pinnacle_West
PNC,PNC Financial Services,Financials,Regional Banks,,1988-04-30,713676,1845,"https://en.wikipedia.org/wiki/Pittsburgh,_Pennsylvania"
POOL,Pool Corporation,Consumer Discretionary,Distributors,"Covington, Louisiana",2020-10-07,945841,1993,
PPG,PPG Industries,Materials,Specialty Chemicals,,1957-03-04,79879,1883,"https://en.wikipedia.org/wiki/Pittsburgh,_Pennsylvania"
PPL,PPL Corporation,Utilities,Electric Utilities,"Allentown, Pennsylvania",2001-10-01,922224,1920,
PFG,Principal Financial Group,Financials,Life & Health Insurance,"Des Moines, Iowa",2002-07-22,1126328,1879,
PG,Procter & Gamble,Consumer Staples,Personal Care Products,,1957-03-04,80424,1837,"https://en.wikipedia.org/wiki/Cincinnati,_Ohio"
PGR,Progressive Corporation,Financials,Property & Casualty Insurance,,1997-08-04,80661,1937,"https://en.wikipedia.org/wiki/Mayfield_Village,_Ohio"
PLD,Prologis,Real Estate,Industrial REITs,,2003-07-17,1045609,1983,"https://en.wikipedia.org/wiki/San_Francisco,_California"
PRU,Prudential Financial,Financials,Life & Health Insurance,"Newark, New Jersey",2002-07-22,1137774,1875,
PEG,Public Service Enterprise Group,Utilities,Electric Utilities,"Newark, New Jersey",1957-03-04,788784,1903,
PTC,PTC,Information Technology,Application Software,,2021-04-20,857005,1985,"https://en.wikipedia.org/wiki/Boston,_Massachusetts"
PSA,Public Storage,Real Estate,Self-Storage REITs,"Glendale, California",2005-08-19,1393311,1972,
PHM,PulteGroup,Consumer Discretionary,Homebuilding,,1984-04-30,822416,1956,"https://en.wikipedia.org/wiki/Atlanta,_Georgia"
QRVO,Qorvo,Information Technology,Semiconductors,"Greensboro, North Carolina",2015-06-11,1604778,2015,
PWR,Quanta Services,Industrials,Construction & Engineering,,2009-07-01,1050915,1997,"https://en.wikipedia.org/wiki/Houston,_Texas"
QCOM,Qualcomm,Information Technology,Semiconductors,,1999-07-22,804328,1985,"https://en.wikipedia.org/wiki/San_Diego,_California"
DGX,Quest Diagnostics,Health Care,Health Care Services,"Secaucus, New Jersey",2002-12-12,1022079,1967,
RL,Ralph Lauren Corporation,Consumer Discretionary,"Apparel, Accessories & Luxury Goods",,2007-02-02,1037038,1967,"https://en.wikipedia.org/wiki/New_York_City,_New_York"
RJF,"St. Petersburg, Florida",Financials,Investment Banking & Brokerage,,2017-03-20,720005,1962,https://en.wikipedia.org/wiki/Raymond_James
RTX,RTX Corporation,Industrials,Aerospace & Defense,"Waltham, Massachusetts",1957-03-04,101829,1922,
O,Realty Income,Real Estate,Retail REITs,,2015-04-07,726728,1969,"https://en.wikipedia.org/wiki/San_Diego,_California"
REG,Regency Centers,Real Estate,Retail REITs,Florida,2017-03-02,910606,1963,https://en.wikipedia.org/wiki/Jacksonville
REGN,"Tarrytown, New York",Health Care,Biotechnology,,2013-05-01,872589,1988,https://en.wikipedia.org/wiki/Regeneron
RF,Regions Financial Corporation,Financials,Regional Banks,"Birmingham, Alabama",1998-08-28,1281761,1971,
RSG,Republic Services,Industrials,Environmental & Facilities Services,"Phoenix, Arizona",2008-12-05,1060391,1998 (1981),
RMD,ResMed,Health Care,Health Care Equipment,,2017-07-26,943819,1989,"https://en.wikipedia.org/wiki/San_Diego,_California"
RVTY,Revvity,Health Care,Health Care Equipment,"Waltham, Massachusetts",1985-05-31,31791,1937,
RHI,Robert Half,Industrials,Human Resource & Employment Services,"Menlo Park, California",2000-12-05,315213,1948,
ROK,Rockwell Automation,Industrials,Electrical Components & Equipment,,2000-03-12,1024478,1903,"https://en.wikipedia.org/wiki/Milwaukee,_Wisconsin"
ROL,"Rollins, Inc.",Industrials,Environmental & Facilities Services,,2018-10-01,84839,1948,"https://en.wikipedia.org/wiki/Atlanta,_Georgia"
ROP,Roper Technologies,Information Technology,Electronic Equipment & Instruments,"Sarasota, Florida",2009-12-23,882835,1981,
ROST,Ross Stores,Consumer Discretionary,Apparel Retail,"Dublin, California",2009-12-21,745732,1982,
RCL,Royal Caribbean Group,Consumer Discretionary,"Hotels, Resorts & Cruise Lines",,2014-12-05,884887,1997,"https://en.wikipedia.org/wiki/Miami,_Florida"
SPGI,S&P Global,Financials,Financial Exchanges & Data,,1957-03-04,64040,1917,"https://en.wikipedia.org/wiki/New_York_City,_New_York"
CRM,Salesforce,Information Technology,Application Software,,2008-09-15,1108524,1999,"https://en.wikipedia.org/wiki/San_Francisco,_California"
SBAC,SBA Communications,Real Estate,Telecom Tower REITs,"Boca Raton, Florida",2017-09-01,1034054,1989,
SLB,Schlumberger,Energy,Oil & Gas Equipment & Services,,1957-03-04,87347,1926,"https://en.wikipedia.org/wiki/Houston,_Texas"
STX,Seagate Technology,Information Technology,"Technology Hardware, Storage & Peripherals",,2012-07-02,1137789,1979,"https://en.wikipedia.org/wiki/Dublin,_Ireland"
SRE,,Utilities,Multi-Utilities,,2017-03-17,1032208,1998,https://en.wikipedia.org/wiki/Sempra_Energy
NOW,ServiceNow,Information Technology,Systems Software,"Santa Clara, California",2019-11-21,1373715,2003,
SHW,Sherwin-Williams,Materials,Specialty Chemicals,,1964-06-30,89800,1866,"https://en.wikipedia.org/wiki/Cleveland,_Ohio"
SPG,Simon Property Group,Real Estate,Retail REITs,,2002-06-26,1063761,2003,"https://en.wikipedia.org/wiki/Indianapolis,_Indiana"
SWKS,Skyworks Solutions,Information Technology,Semiconductors,"Irvine, California",2015-03-12,4127,2002,
SJM,J.M. Smucker Company (The),Consumer Staples,Packaged Foods & Meats,"Orrville, Ohio",2008-11-06,91419,1897,
SNA,Snap-on,Industrials,Industrial Machinery & Supplies & Components,"Kenosha, Wisconsin",1982-09-30,91440,1920,
SOLV,Solventum,Health Care,Health Care Technology,"Saint Paul, Minnesota",2024-04-01,1964738,2023,
SO,Southern Company,Utilities,Electric Utilities,,1957-03-04,92122,1945,"https://en.wikipedia.org/wiki/Atlanta,_Georgia"
LUV,Southwest Airlines,Industrials,Passenger Airlines,,1994-07-01,92380,1967,"https://en.wikipedia.org/wiki/Dallas,_Texas"
SWK,Stanley Black & Decker,Industrials,Industrial Machinery & Supplies & Components,"New Britain, Connecticut",1982-09-30,93556,1843,
SBUX,Starbucks,Consumer Discretionary,Restaurants,,2000-06-07,829224,1971,"https://en.wikipedia.org/wiki/Seattle,_Washington"
STT,State Street Corporation,Financials,Asset Management & Custody Banks,,2003-03-14,93751,1792,"https://en.wikipedia.org/wiki/Boston,_Massachusetts"
STLD,Steel Dynamics,Materials,Steel,"Fort Wayne, Indiana",2022-12-22,1022671,1993,
STE,Steris,Health Care,Health Care Equipment,,2019-12-23,1757898,1985,"https://en.wikipedia.org/wiki/Dublin,_Ireland"
SYK,Stryker Corporation,Health Care,Health Care Equipment,"Kalamazoo, Michigan",2000-12-12,310764,1941,
SMCI,Supermicro,Information Technology,"Technology Hardware, Storage & Peripherals","San Jose, California",2024-03-18,1375365,1993,
SYF,Synchrony Financial,Financials,Consumer Finance,"Stamford, Connecticut",2015-11-18,1601712,2003,
SNPS,Synopsys,Information Technology,Application Software,"Sunnyvale, California",2017-03-16,883241,1986,
SYY,Sysco,Consumer Staples,Food Distributors,,1986-12-31,96021,1969,"https://en.wikipedia.org/wiki/Houston,_Texas"
TMUS,T-Mobile US,Communication Services,Wireless Telecommunication Services,"Bellevue, Washington",2019-07-15,1283699,1994,
TROW,T. Rowe Price,Financials,Asset Management & Custody Banks,,2019-07-29,1113169,1937,"https://en.wikipedia.org/wiki/Baltimore,_Maryland"
TTWO,Take-Two Interactive,Communication Services,Interactive Home Entertainment,,2018-03-19,946581,1993,"https://en.wikipedia.org/wiki/New_York_City,_New_York"
TPR,"Tapestry, Inc.",Consumer Discretionary,"Apparel, Accessories & Luxury Goods",,2004-09-01,1116132,2017,"https://en.wikipedia.org/wiki/New_York_City,_New_York"
TRGP,Targa Resources,Energy,Oil & Gas Storage & Transportation,,2022-10-12,1389170,2005,"https://en.wikipedia.org/wiki/Houston,_Texas"
TGT,Target Corporation,Consumer Staples,Consumer Staples Merchandise Retail,,1976-12-31,27419,1902,"https://en.wikipedia.org/wiki/Minneapolis,_Minnesota"
TEL,TE Connectivity,Information Technology,Electronic Manufacturing Services,Schaffhausen,2011-10-17,1385157,2007,
TDY,Teledyne Technologies,Information Technology,Electronic Equipment & Instruments,"Thousand Oaks, California",2020-06-22,1094285,1960,
TFX,Teleflex,Health Care,Health Care Equipment,"Wayne, Pennsylvania",2019-01-18,96943,1943,
TER,Teradyne,Information Technology,Semiconductor Materials & Equipment,"North Reading, Massachusetts",2020-09-21,97210,1960,
TSLA,"Tesla, Inc.",Consumer Discretionary,Automobile Manufacturers,"Austin, Texas",2020-12-21,1318605,2003,
TXN,Texas Instruments,Information Technology,Semiconductors,,2001-03-12,97476,1930,"https://en.wikipedia.org/wiki/Dallas,_Texas"
TXT,Textron,Industrials,Aerospace & Defense,"Providence, Rhode Island",1978-12-31,217346,1923,
TMO,Thermo Fisher Scientific,Health Care,Life Sciences Tools & Services,"Waltham, Massachusetts",2004-08-03,97745,2006 (1902),
TJX,TJX Companies,Consumer Discretionary,Apparel Retail,"Framingham, Massachusetts",1985-09-30,109198,1987,
TSCO,"Brentwood, Tennessee",Consumer Discretionary,Other Specialty Retail,,2014-01-24,916365,1938,https://en.wikipedia.org/wiki/Tractor_Supply
TT,Trane Technologies,Industrials,Building Products,,2010-11-17,1466258,1871,"https://en.wikipedia.org/wiki/Dublin,_Ireland"
TDG,TransDigm Group,Industrials,Aerospace & Defense,,2016-06-03,1260221,1993,"https://en.wikipedia.org/wiki/Cleveland,_Ohio"
TRV,Travelers Companies (The),Financials,Property & Casualty Insurance,,2002-08-21,86312,1853,"https://en.wikipedia.org/wiki/New_York_City,_New_York"
TRMB,Trimble Inc.,Information Technology,Electronic Equipment & Instruments,"Westminster, Colorado",2021-01-21,864749,1978,
TFC,Truist,Financials,Regional Banks,"Charlotte, North Carolina",1997-12-04,92230,1872,
TYL,Tyler Technologies,Information Technology,Application Software,"Plano, Texas",2020-06-22,860731,1966,
TSN,Tyson Foods,Consumer Staples,Packaged Foods & Meats,"Springdale, Arkansas",2005-08-10,100493,1935,
USB,,Financials,Diversified Banks,,1999-11-01,36104,1968,https://en.wikipedia.org/wiki/U.S._Bank
UBER,Uber,Industrials,Passenger Ground Transportation,,2023-12-18,1543151,2009,"https://en.wikipedia.org/wiki/San_Francisco,_California"
UDR,"UDR, Inc.",Real Estate,Multi-Family Residential REITs,"Highlands Ranch, Colorado",2016-03-07,74208,1972,
ULTA,Ulta Beauty,Consumer Discretionary,Other Specialty Retail,"Bolingbrook, Illinois",2016-04-18,1403568,1990,
UNP,Union Pacific Corporation,Industrials,Rail Transportation,"Omaha, Nebraska",1957-03-04,100885,1862,
UAL,United Airlines Holdings,Industrials,Passenger Airlines,,2015-09-03,100517,1967,"https://en.wikipedia.org/wiki/Chicago,_Illinois"
UPS,United Parcel Service,Industrials,Air Freight & Logistics,"Sandy Springs, Georgia",2002-07-22,1090727,1907,
URI,United Rentals,Industrials,Trading Companies & Distributors,"Stamford, Connecticut",2014-09-20,1067701,1997,
UNH,UnitedHealth Group,Health Care,Managed Health Care,"Minnetonka, Minnesota",1994-07-01,731766,1977,
UHS,Universal Health Services,Health Care,Health Care Facilities,"King of Prussia, Pennsylvania",2014-09-20,352915,1979,
VLO,Valero Energy,Energy,Oil & Gas Refining & Marketing,,2002-12-20,1035002,1980,"https://en.wikipedia.org/wiki/San_Antonio,_Texas"
VTR,Ventas,Real Estate,Health Care REITs,,2009-03-04,740260,1998,"https://en.wikipedia.org/wiki/Chicago,_Illinois"
VLTO,"Waltham, Massachusetts",Industrials,Environmental & Facilities Services,,2023-10-02,1967680,2023,https://en.wikipedia.org/wiki/Veralto
VRSN,Verisign,Information Technology,Internet Services & Infrastructure,"Dulles, Virginia",2006-02-01,1014473,1995,
VRSK,"Jersey City, New Jersey",Industrials,Research & Consulting Services,,2015-10-08,1442145,1971,https://en.wikipedia.org/wiki/Verisk
VZ,Verizon,Communication Services,Integrated Telecommunication Services,,1983-11-30,732712,1983 (1877),"https://en.wikipedia.org/wiki/New_York_City,_New_York"
VRTX,Vertex Pharmaceuticals,Health Care,Biotechnology,"Cambridge, Massachusetts",2013-09-23,875320,1989,
VTRS,Viatris,Health Care,Pharmaceuticals,,2004-04-23,1792044,1961,"https://en.wikipedia.org/wiki/Pittsburgh,_Pennsylvania"
VICI,Vici Properties,Real Estate,Hotel & Resort REITs,,2022-06-08,1705696,2017,"https://en.wikipedia.org/wiki/New_York_City,_New_York"
V,Visa Inc.,Financials,Transaction & Payment Processing Services,,2009-12-21,1403161,1958,"https://en.wikipedia.org/wiki/San_Francisco,_California"
VST,Vistra,Utilities,Electric Utilities,"Irving, Texas",2024-05-08,1692819,2016,
VMC,Vulcan Materials Company,Materials,Construction Materials,"Birmingham, Alabama",1999-06-30,1396009,1909,
WRB,W. R. Berkley Corporation,Financials,Property & Casualty Insurance,"Greenwich, Connecticut",2019-12-05,11544,1967,
GWW,W. W. Grainger,Industrials,Industrial Machinery & Supplies & Components,"Lake Forest, Illinois",1981-06-30,277135,1927,
WAB,Wabtec,Industrials,Construction Machinery & Heavy Transportation Equipment,,2019-02-27,943452,1999 (1869),"https://en.wikipedia.org/wiki/Pittsburgh,_Pennsylvania"
WBA,Walgreens Boots Alliance,Consumer Staples,Drug Retail,"Deerfield, Illinois",1979-12-31,1618921,2014,
WMT,Walmart,Consumer Staples,Consumer Staples Merchandise Retail,"Bentonville, Arkansas",1982-08-31,104169,1962,
DIS,Walt Disney Company (The),Communication Services,Movies & Entertainment,"Burbank, California",1976-06-30,1744489,1923,
WBD,Warner Bros. Discovery,Communication Services,Broadcasting,Warner Bros.,2022-04-11,1437107,2022 ( 1923),"https://en.wikipedia.org/wiki/New_York_City,_New_York"
WM,,Industrials,Environmental & Facilities Services,,1998-08-31,823768,1968,https://en.wikipedia.org/wiki/Waste_Management_(corporation)
WAT,Waters Corporation,Health Care,Life Sciences Tools & Services,"Milford, Massachusetts",2002-01-02,1000697,1958,
WEC,WEC Energy Group,Utilities,Electric Utilities,,2008-10-31,783325,1896,"https://en.wikipedia.org/wiki/Milwaukee,_Wisconsin"
WFC,Wells Fargo,Financials,Diversified Banks,,1976-06-30,72971,1852,"https://en.wikipedia.org/wiki/San_Francisco,_California"
WELL,Welltower,Real Estate,Health Care REITs,"Toledo, Ohio",2009-01-30,766704,1970,
WST,West Pharmaceutical Services,Health Care,Health Care Supplies,"Exton, Pennsylvania",2020-05-22,105770,1923,
WDC,Western Digital,Information Technology,"Technology Hardware, Storage & Peripherals","San Jose, California",2009-07-01,106040,1970,
WRK,WestRock,Materials,Paper & Plastic Packaging Products & Materials,,2015-06-25,1732845,2015,"https://en.wikipedia.org/wiki/Atlanta,_Georgia"
WY,Weyerhaeuser,Real Estate,Timber REITs,,1979-10-01,106535,1900,"https://en.wikipedia.org/wiki/Seattle,_Washington"
WMB,Williams Companies,Energy,Oil & Gas Storage & Transportation,"Tulsa, Oklahoma",1975-03-31,107263,1908,
WTW,Willis Towers Watson,Financials,Insurance Brokers,"London, United Kingdom",2016-01-05,1140536,2016,
WYNN,Wynn Resorts,Consumer Discretionary,Casinos & Gaming,"Paradise, Nevada",2008-11-14,1174922,2002,
XEL,Xcel Energy,Utilities,Multi-Utilities,,1957-03-04,72903,1909,"https://en.wikipedia.org/wiki/Minneapolis,_Minnesota"
XYL,Xylem Inc.,Industrials,Industrial Machinery & Supplies & Components,"White Plains, New York",2011-11-01,1524472,2011,
YUM,Yum! Brands,Consumer Discretionary,Restaurants,"Louisville, Kentucky",1997-10-06,1041061,1997,
ZBRA,Zebra Technologies,Information Technology,Electronic Equipment & Instruments,"Lincolnshire, Illinois",2019-12-23,877212,1969,
ZBH,Zimmer Biomet,Health Care,Health Care Equipment,"Warsaw, Indiana",2001-08-07,1136869,1927,
ZTS,Zoetis,Health Care,Pharmaceuticals,,2013-06-21,1555280,1952,"https://en.wikipedia.org/wiki/Parsippany,_New_Jersey"
